record_id	marketed_identity	model_or_family	country	period	physical_builder	relationship_type	confidence	status	evidence_summary	source_1	source_2
US-OEM-AP-013	Guild	VW-1 Volume Wah	USA	c.1970-1974	Applied Audio Products Inc.	OEM_MANUFACTURING	HIGH	RESEARCH_VALIDATED	Tone Machines identifies Applied Audio as the builder of Guild's VW-1 Volume Wah in the same OEM relationship period as the FW-3; the model is kept separate from the FW-3 because it is a distinct marketed design.	https://www.tonemachinesblog.com/2025/09/applied-fuzz-and-treble-booster-ft-100.html	https://www.effectsdatabase.com/model/guild/vw1
US-OEM-AP-014	Guild	SP-5 Siren Surf & Turf	USA	1974	Applied Audio Products Inc.	OEM_MANUFACTURING	HIGH	RESEARCH_VALIDATED	Tone Machines documents the 1974 Guild SP-5 as an Applied-built U.S. reintroduction of the Shin-Ei Surf Wah family. It is a later Applied production state and should not be merged with the earlier Japanese Guild HA-9P/Cromwell-era lineage.	https://www.tonemachinesblog.com/2025/09/surf-siren-wah-tornado.html	https://www.effectsdatabase.com/model/guild/sp5
US-OEM-AP-015	Guild	Dimensional Reverb System	USA	c.1970-1974	Applied Audio Products Inc.	OEM_MANUFACTURING	MEDIUM	RESEARCH_ONLY	Tone Machines identifies the rare Guild Dimensional Reverb System among Applied Audio's Guild-era OEM products. Retained research-only until model-specific surviving documentation can be cross-checked.	https://www.tonemachinesblog.com/2025/09/applied-fuzz-and-treble-booster-ft-100.html	https://www.effectsdatabase.com/model/guild
US-OEM-AP-016	Nomad	Banshee Fuzz	USA	from 1968; exact production window unresolved	Applied Audio Products Inc.	OEM_MANUFACTURING	HIGH	RESEARCH_VALIDATED	Nomad Banshee Fuzz is documented as an Applied-built New Jersey effect distributed by LIMMCO. The manufacturing date remains unresolved, so 1968 is retained as a documented debut/public window rather than a firm factory start date.
https://www.tonemachinesblog.com/2025/09/applied-fuzz-and-treble-booster-ft-100.html	https://www.tonemachinesblog.com/2024/06/nomad-super-fuzz-rite.html
US-OEM-AP-017	Applied	Banshee Fuzz	USA	1968-era; exact production window unresolved	Applied Audio Products Inc.	physical manufacturer / house-brand state	HIGH	RESEARCH_VALIDATED	Applied-branded Banshee is documented alongside the Nomad version. The Banshee appears closely related to the fuzz section of the Applied FT-100, but the chronology between Banshee and FT-100 remains unresolved.
https://www.tonemachinesblog.com/2025/09/applied-fuzz-and-treble-booster-ft-100.html	https://www.effectsdatabase.com/model/applied/banshee
US-OEM-AP-018	Kimberly	Buzz Box and Volume Expander	USA	1966 onward; later third-party production states	LIMMCO initial production; later contractor states unresolved/UMI candidate	MULTI-STAGE_PRODUCTION	MEDIUM	HOLD_FOR_REVIEW	Tone Machines documents LIMMCO initially producing Kimberly's Buzz Box and Volume Expander in its own Long Island warehouse, then hiring outside production. A later redesign is attributed by specialist reconstruction to UMI, while Applied Audio is considered the likely intermediate contractor, but this should not be collapsed into a single-builder record.
https://www.tonemachinesblog.com/2025/09/applied-fuzz-and-treble-booster-ft-100.html	https://www.tonemachinesblog.com/2024/06/nomad-super-fuzz-rite.html
US-OEM-AP-019	Nomad	Super Fuzz	USA	c.1966-1967 candidate	Unknown; possible Mosrite-linked production	POSSIBLE_OEM	LOW	HOLD_FOR_REVIEW	The rare Nomad Super Fuzz appears to be a germanium Fuzzrite-type OEM unit, but its relationship to the later LIMMCO/Nomad/Applied family is not established. The specialist source explicitly treats this as a separate unresolved mystery.
https://www.tonemachinesblog.com/2024/06/nomad-super-fuzz-rite.html	https://www.effectsdatabase.com/model/nomad/superfuzz
US-OEM-AP-020	Guild	HA-9P Surf Wah / early Surf Wah state	USA/Japan	1969 earlier state	Shin-Ei-related production candidate, not Applied	SUCCESSOR_PREDECESSOR_BOUNDARY	MEDIUM	RESEARCH_ONLY	The earlier Guild HA-9P Surf Wah belongs to the Shin-Ei-derived Surf Wah family and predates the 1974 Applied-built SP-5. It is explicitly retained as a separate production state so the Guild branding does not imply continuous Applied manufacture.
https://www.tonemachinesblog.com/2025/09/surf-siren-wah-tornado.html	https://www.effectsdatabase.com/model/guild/ha9p
