canonical_builder	product_name	identity_or_catalog_state	dirt_role	period_or_corridor	confidence	notes	evidence
Shin-Ei	FY-6 Super Fuzz	CANONICAL_PRODUCT	FUZZ	1968 onward	HIGH	Current Shin-Ei material explicitly identifies FY-6 as a 1968 release and connects it historically to Honey Baby Crying Fuzz.	https://www.shin-ei.com/
Shin-Ei	Uni-Fuzz	CANONICAL_PRODUCT	FUZZ	late 1960s-1970s	HIGH	Indexed historical Shin-Ei dirt product; retain separately from FY-6 family.	https://www.effectsdatabase.com/model/shinei
Shin-Ei	WF-24 Fuzz Wah	CANONICAL_PRODUCT	FUZZ_WAH	late 1960s-1970s	HIGH	Indexed historical Shin-Ei fuzz-wah product.	https://www.effectsdatabase.com/model/shinei
Shin-Ei	Distortion Wah	CANONICAL_PRODUCT	DISTORTION_WAH	1970s	HIGH	Indexed historical product; retain as hybrid dirt record.	https://www.effectsdatabase.com/model/shinei
Shin-Ei	OB-28 Octave Box	CANONICAL_PRODUCT	FUZZ_OCTAVE	1970s	MEDIUM	Indexed historical octave-dirt product; deeper model archaeology later.	https://www.effectsdatabase.com/model/shinei
Honey	Baby Crying Fuzz	MARKETED_OR_MANUFACTURER_NODE	FUZZ	1967 onward	HIGH	Shin-Ei current history describes the 1967 Honey Baby Crying Fuzz as the predecessor to FY-6.	https://www.shin-ei.com/
Honey	Special Fuzz	MARKETED_PRODUCT	FUZZ	1960s-1970s	MEDIUM	Retain Honey identity separately while factory relationship is reconciled at model level.	https://www.effectsdatabase.com/model/honey/specialfuzz
Companion	WF-8 8-Tr Fuzz Wah	MARKETED_OEM_PRODUCT	FUZZ_WAH	late 1960s-early 1970s	HIGH	Effects Database identifies Companion WF-8 as a Shin-Ei OEM product with multiple marketed names.	https://www.effectsdatabase.com/model/companion/fuzzwah/8tr/2
Teisco	Fuzz Machine	MARKETED_OEM_PRODUCT	FUZZ	early 1970s	MEDIUM	Separate from Teisco Wau Wau Fuzz. Evidence trail connects this product family to Shin-Ei/Teisco OEM production.	https://www.effectsdatabase.com/model/teisco/fuzzmachine
Teisco	Wau Wau Fuzz	MARKETED_OEM_PRODUCT	FUZZ_WAH	early-mid 1970s	MEDIUM-HIGH	Separate product family. Likely Shin-Ei OEM; related to Ibanez 58 Standard Wau Fuzz, Guyatone FS-5 and Elk Wau Fuzz.	https://www.effectsdatabase.com/model/teisco/wauwaufuzz
Teisco	TF-1 Fuzz	MARKETED_PRODUCT	FUZZ	2010s-present	HIGH	Modern relaunched Teisco catalog product, unrelated to the vintage OEM manufacturer story unless model-specific evidence shows otherwise.
https://www.effectsdatabase.com/model/teisco
Greco	No.35 Haztone / Fuzz Booster	MARKETED_PRODUCT	FUZZ	late 1960s-early 1970s	MEDIUM	Keep Greco retail identity distinct; Nisshin Onpa attribution remains evidence-qualified.
https://www.effectsdatabase.com/model/greco/fuzzbooster ; https://www.tonemachinesblog.com/2025/06/mystery-of-japanese-wedge-fuzz.html
Greco	SD-100 Fuzz	MARKETED_PRODUCT	FUZZ	1970s	MEDIUM	Separate from No.35 Haztone and preserve its own relationship trail.
https://www.effectsdatabase.com/model/greco/sd100
Nisshin Onpa / Maxon	OD-880	CANONICAL_PRODUCT	OVERDRIVE	1970s onward	HIGH	Core Maxon/Nisshin Onpa gain product.
https://www.effectsdatabase.com/model/maxon
Nisshin Onpa / Maxon	D&S	CANONICAL_PRODUCT	DISTORTION	1970s	HIGH	Historical dirt family entry.
https://www.effectsdatabase.com/model/maxon
Nisshin Onpa / Maxon	D&S II	CANONICAL_PRODUCT	DISTORTION	1970s	HIGH	Historical dirt family entry.
https://www.effectsdatabase.com/model/maxon
Nisshin Onpa / Maxon	SD-5 Double Sound	CANONICAL_PRODUCT	FUZZ_OR_DISTORTION	1970s	MEDIUM	Hybrid/ambiguous category retained pending deeper catalog archaeology.
https://www.effectsdatabase.com/model/maxon
Nisshin Onpa / Maxon	OD-808 / TS808 lineage	CANONICAL_LINEAGE_PRODUCT	OVERDRIVE	late 1970s onward	HIGH	Manufacturer/engineering lineage must remain distinct from Ibanez retail identity.
https://www.effectsdatabase.com/model/maxon
Coron Musical Instrument Co.	Distortion 10/15	CANONICAL_PRODUCT_FAMILY	DISTORTION	late 1970s-early 1980s	HIGH	Core Coron dirt family with multiple marketed/private-label names.
https://www.effectsdatabase.com/model/coron/first/distortion
Coron Musical Instrument Co.	FET Over Drive	CANONICAL_PRODUCT_FAMILY	OVERDRIVE	late 1970s-early 1980s	HIGH	Coron catalog family; retain marketed labels as relationships.
https://www.effectsdatabase.com/model/coron/first/overdrive
Sobbat	DRIVE Breaker DB-1	CANONICAL_PRODUCT	DISTORTION	1990s-2010s	HIGH	Official Sobbat page identifies DB-1 as a wide-EQ distortion; later DB-1S is a separate miniaturized/discontinued state.
https://www.sobbat.com/db1.html
Sobbat	DRIVE Breaker DB-1S	CANONICAL_PRODUCT_STATE	DISTORTION	2016-2018	HIGH	Official page states DB-1S was released in S series and discontinued April 2018.
https://www.sobbat.com/db1s.html
Sobbat	DRIVE Breaker DB-2	CANONICAL_PRODUCT	OVERDRIVE	2000s-2010s	HIGH	Retain original DB-2 separately from DB-2S.
https://www.sobbat.com/db2susa.html
Sobbat	DRIVE Breaker DB-2S	CANONICAL_PRODUCT_STATE	OVERDRIVE	2016-2018	HIGH	Official page states miniaturized DB-2 variant and discontinuation in April 2018.
https://www.sobbat.com/db2susa.html
Sobbat	DRIVE Breaker DB-4	CANONICAL_PRODUCT	OD_DISTORTION_HYBRID	2006	HIGH	Official DB-4R page identifies DB-4 as sold on a qualified scale in 2006.
https://www.sobbat.com/db4rusa.html
Sobbat	DRIVE Breaker DB-4R	CANONICAL_PRODUCT_STATE	OD_DISTORTION_HYBRID	2010s	HIGH	Official page describes three OD/DS channels plus boost and calls it a reproduction/re-release of DB-4.
https://www.sobbat.com/db4rusa.html
Cluster Effects	Cluster Effects	CANONICAL_BUILDER	BUILDER	2000s-present	HIGH	Argentine builder with over 20 years of analog-effects manufacturing experience per Argentine foreign-ministry directory.
https://cancilleria.gob.ar/es/directorios-argentina-creativa/industria-musical/fabricantes-instrumentos-musicales/efectos-cluster
Cluster Effects	Dirt catalog	CATALOG_COMPLETION_PENDING	FUZZ_OD_DISTORTION	2000s-present	MEDIUM	Builder confirmed, but product-by-product historical catalog remains incomplete and requires dedicated source pass.
https://cancilleria.gob.ar/es/directorios-argentina-creativa/industria-musical/fabricantes-instrumentos-musicales/efectos-cluster
