canonical_builder	identity_status	region	era_bucket	dirt_catalog_signal	catalog_status	priority	relationship_notes	source_files
Sound Dog	CANONICAL_CANDIDATE	Japan	2000s-present	BLUE DOG; YELLOW DOG; WARM DOG; HEAT DOG; WARM DOG EVO; BLUE DOG EVO; DACHS-TORTION; CHOCO DUCHS; ORTHRUS	PARTIAL_BASELINE_MAPPED	Japanese handmade/independent effects shop with a coherent original dirt family; current catalog documents multiple generations and variants. Treat EVO products as meaningful descendants, not unrelated builders.	https://sounddog.theshop.jp/ ; phase-one-inventory-batch-93.tsv
Soul Power Instruments	CANONICAL	Japan	2000s-present	Over Drive; Viper; Adultronix2; PRIEST; Jack Pot; Heavy Distortion; Fuzz; フィジーク; スクリーマー！; トランジスタ; エナジー	PARTIAL_BASELINE_MAPPED	Soul Power Instruments is a Japanese handmade pedal brand led by Kazunori Saito. The archive separates original SPI products from modifications and marks the 2022 Kumamine/仕事猫 products as collaborations supervised by SPI.
https://www.shimamura.co.jp/update/guitar-bass/2021/11/gs-kimatsudu_10/ ; https://guitarsele.com/article/news/shimarog-kumamine-spi-20220919/ ; phase-one-inventory-batch-93.tsv
Sound Wave Lab	CANONICAL_CANDIDATE	Japan	2010s-present	DISTORTION D-002; Overdrive (4-knob); Ultimate Drive; G-SLAM mk3; TUBE DRIVE; Shige Brass Master; ULTIMATE DRIVE Pro 宮崎大介Model	PARTIAL_BASELINE_MAPPED	Handmade brand/workshop from Tateyama, Chiba. Public sources document multiple original dirt families plus player-specific commercial variants. Continue historical catalog reconciliation before calling the catalog complete.
https://guitarmagazine.jp/gear/2022-1222-pedalsummit/ ; https://www.miyaji-onlineshop.jp/c/effector/gb02_effector/gb02_eff02/llp-ef-2840500005505 ; phase-one-inventory-batch-93.tsv
Sunfish Audio	CANONICAL_CANDIDATE	Japan	2010s-present	OverDrive Lycoris; Fuzz Forest; OverDrive Tara; Drive pedal Summit; Skyscraper	PARTIAL_BASELINE_MAPPED	Japanese handmade pedal/amp design brand with a documented dirt catalog spanning overdrive, fuzz and Nutube designs. Ikigai is retained outside central dirt because it is a multi-effect unit rather than a dedicated dirt model.
https://sunfish.theshop.jp/ ; https://www.watanabe-mi.com/shopping/list/4990/ ; phase-one-inventory-batch-93.tsv
STOMPROX	CANONICAL_CANDIDATE	Japan	2010s	GHOST BUZZ	SINGLE_MODEL_BASELINE	Japanese pedal brand with at least three historical product releases; GHOST BUZZ is explicitly documented as the third product and as a high-gain distortion. Earlier two releases remain a research lead for the next pass.
https://www.gakkido-online.jp/product/957 ; phase-one-inventory-batch-93.tsv
