builder	model_or_family	category	era_or_corridor	catalog_status	evidence_level	relationship_notes	source_trail
Fairfield Circuitry	Barbershop	OVERDRIVE	2008-2009	ENUMERATED	PRIMARY_COMPANY_HISTORY	Company says Fairfield Circuitry has experimented since 2008; Barbershop is an original design and the earliest documented dirt anchor.	https://fairfieldcircuitry.com/pages/about ; https://www.effectsdatabase.com/model/fairfield/barbershop
Fairfield Circuitry	The Unpleasant Surprise	FUZZ	2009	ENUMERATED	SECONDARY_HISTORICAL	Documented as experimental fuzz/gate and published in 2009; preserve prototype/release distinction.	https://www.effectsdatabase.com/model/fairfield/unpleasantsurprise
Fairfield Circuitry	Randy's Revenge	BOUNDARY_NON_DIRT	2009	BOUNDARY	SECONDARY_HISTORICAL	Ring modulator, retained as a historical catalog boundary rather than central dirt count.	https://www.effectsdatabase.com/model/fairfield/randysrevenge
Stone Deaf FX	PDF-1 Parametric Distortion Filter	DISTORTION_HYBRID	2010	ENUMERATED	SECONDARY_HISTORICAL	First major documented Stone Deaf dirt product; combines parametric filtering with switchable distortion and fuzz textures.
https://www.effectsdatabase.com/model/stonedeaf/pdf1
Mountainking Electronics	Behemoth	FUZZ_DISTORTION	2007-2010	ENUMERATED	PRIMARY_COMPANY_HISTORY	Original low-end booster development became the basis for Behemoth; company founded in 2007 by Alan Pavlica.
https://www.mountainkingelectronics.com/about
Mountainking Electronics	Megalith	FUZZ_DISTORTION	2010	ENUMERATED	PRIMARY_COMPANY_PRODUCT	Original discrete handmade heavy fuzz-tortion; documented June 2010.
https://www.mountainkingelectronics.com/megalith-order ; https://www.effectsdatabase.com/model/mountainking/megalith
Mountainking Electronics	Frequency~LSD	FUZZ_HYBRID	2010	ENUMERATED	SECONDARY_HISTORICAL	Psychedelic synth/sitar/fuzz hybrid; retain as dirt-adjacent hybrid.
https://www.effectsdatabase.com/model/mountainking/frequencylsd
VFE Pedals	The Scream	OVERDRIVE	2009-2010	ENUMERATED	SECONDARY_HISTORICAL	First commercial-era TS-derived VFE dirt product; Effects Database publication Nov. 24, 2009.
https://www.effectsdatabase.com/model/vfe/thescream
VFE Pedals	Alpha Dog	DISTORTION	2010s	ENUMERATED	SECONDARY_INDEX	Part of VFE's mapped dirt universe; exact original release date requires follow-up.
https://www.effectsdatabase.com/model/vfe
VFE Pedals	Blues King	OVERDRIVE	2010s	ENUMERATED	SECONDARY_INDEX	Mapped VFE dirt model; exact original release date requires follow-up.
https://www.effectsdatabase.com/model/vfe
VFE Pedals	Dark Horse	DISTORTION	2010s	ENUMERATED	SECONDARY_INDEX	Mapped VFE dirt model; exact original release date requires follow-up.
https://www.effectsdatabase.com/model/vfe
VFE Pedals	Distortion² / Distortion³	DISTORTION	2010s	ENUMERATED	SECONDARY_INDEX	Distinct VFE distortion model generations; do not merge suffix states.
https://www.effectsdatabase.com/model/vfe
VFE Pedals	Dragon / Dynamic Overdrive	OVERDRIVE	2010s	ENUMERATED	SECONDARY_INDEX	VFE dynamic overdrive family.
https://www.effectsdatabase.com/model/vfe
VFE Pedals	Pale Horse	OVERDRIVE	2010s	ENUMERATED	SECONDARY_INDEX	Mapped VFE overdrive family.
https://www.effectsdatabase.com/model/vfe
VFE Pedals	White Horse	OVERDRIVE	2010s	ENUMERATED	SECONDARY_INDEX	Mapped VFE overdrive family.
https://www.effectsdatabase.com/model/vfe
VFE Pedals	5:00 Fuzz	FUZZ	2010s	ENUMERATED	SECONDARY_INDEX	Mapped VFE fuzz product.
https://www.effectsdatabase.com/model/vfe
VFE Pedals	Fuzz Duo	FUZZ	2010s	ENUMERATED	SECONDARY_INDEX	Mapped VFE fuzz product.
https://www.effectsdatabase.com/model/vfe
VFE Pedals	The Triplet	FUZZ_DISTORTION	2010s	ENUMERATED	SECONDARY_INDEX	Mapped hybrid dirt product.
https://www.effectsdatabase.com/model/vfe
Avondale	ADT-4 Distortion	DISTORTION	2009	ENUMERATED	SECONDARY_HISTORICAL	Effects Database added Avondale and ADT-4 in its May 2009 new-brand/new-pedal weekly record.
https://www.effectsdatabase.com/model/avondale ; https://www.effectsdatabase.com/updates/weekly/20090504
Avondale	AMR-5 Metal Driver	DISTORTION	2009	ENUMERATED	SECONDARY_HISTORICAL	Published April 27, 2009; related to documented Daphon E20MT/F15MT OEM family and should not be assumed independent manufacture without further evidence.
https://www.effectsdatabase.com/model/avondale/amr5
Avondale	AOD-6 Overdrive	OVERDRIVE	2009	ENUMERATED	SECONDARY_HISTORICAL	Documented in Avondale's 2009 launch-era seven-product catalog.
https://www.effectsdatabase.com/model/avondale
Crews Maniac Sound	SVD-001 Classic Overdrive	OVERDRIVE	2009	ENUMERATED	SECONDARY_HISTORICAL	Documented Tokyo builder product; Effects Database publication April 28, 2009.
https://www.effectsdatabase.com/model/crews/svd001 ; https://www.effectsdatabase.com/model/crews
Crews Maniac Sound	Addict OD	OVERDRIVE	2010s	ENUMERATED	SECONDARY_INDEX	Mapped catalog overdrive; exact first-sale date requires follow-up.
https://www.effectsdatabase.com/model/crews
Crews Maniac Sound	DIS-01 Distortion	DISTORTION	2010s	ENUMERATED	SECONDARY_INDEX	Mapped catalog distortion; exact first-sale date requires follow-up.
https://www.effectsdatabase.com/model/crews
Crews Maniac Sound	G.O.D Genius Over Drive	OVERDRIVE	2010s	ENUMERATED	SECONDARY_INDEX	Mapped catalog overdrive.
https://www.effectsdatabase.com/model/crews
