canonical_builder	product_name	dirt_role	catalog_record_state	period_or_corridor	confidence	notes	evidence
Coron Musical Instrument Co.	Coron Over Drive	OVERDRIVE	VERIFIED_SECONDARY	late 1970s-early 1980s	HIGH	1981 brochure evidence and specialist catalog record; retain separate from Distortion family.	https://www.effectsdatabase.com/model/coron/first/overdrive
Coron Musical Instrument Co.	Coron Distortion 10	DISTORTION	VERIFIED_SECONDARY	late 1970s-early 1980s	HIGH	1981 brochure explicitly documents Distortion 10; related marketed states include Grant, HMI, Musikbörsen and Storm.	https://www.effectsdatabase.com/model/coron/first/distortion10
Coron Musical Instrument Co.	Coron Distortion 15	DISTORTION	VERIFIED_SECONDARY	late 1970s-early 1980s	HIGH	Related to the Distortion 10 family; Grant Distortion 15 is a documented marketed state.	https://www.effectsdatabase.com/model/coron/first/distortion15
Coron Musical Instrument Co.	Grant Distortion 10	DISTORTION	OEM_MARKETED_STATE	late 1970s-early 1980s	HIGH	Treat Grant as marketed state within the Coron family, not separate physical builder.	https://www.effectsdatabase.com/model/coron/first/distortion10
Coron Musical Instrument Co.	HMI Distortion 10	DISTORTION	OEM_MARKETED_STATE	late 1970s-early 1980s	MEDIUM	Specialist record identifies HMI Distortion 10 as a Coron OEM version; retain attribution at evidence-qualified level.	https://www.effectsdatabase.com/model/hmi/distortion10
Coron Musical Instrument Co.	Storm Distortion 10	DISTORTION	OEM_MARKETED_STATE	late 1970s-early 1980s	HIGH	Explicitly linked in Coron Distortion 10 family.	https://www.effectsdatabase.com/model/coron/first/distortion10
Coron Musical Instrument Co.	KMD Distortion	DISTORTION	OEM_MARKETED_STATE	1970s-early 1980s	HIGH	Specialist record identifies KMD Distortion as Coron-made.	https://www.effectsdatabase.com/model/kmd/coron/distortion
Coron Musical Instrument Co.	Bias Over Drive	OVERDRIVE	OEM_MARKETED_STATE	late 1970s-early 1980s	HIGH	Documented Coron-built overdrive under Bias brand.	https://www.effectsdatabase.com/model/bias/overdrive
Coron Musical Instrument Co.	Storm Over Drive	OVERDRIVE	OEM_MARKETED_STATE	late 1970s-early 1980s	HIGH	Documented Coron-built overdrive under Storm brand.
https://www.effectsdatabase.com/model/storm/coron/overdrive
Coron Musical Instrument Co.	Asama Engineering AC703 Distortion	DISTORTION	OEM_MARKETED_STATE	late 1970s-early 1980s	MEDIUM	Appears in Coron Distortion family related listings; exact model-specific documentation remains follow-up.
https://www.effectsdatabase.com/model/coron/first/distortion
Coron Musical Instrument Co.	J&J Distbox	DISTORTION	OEM_MARKETED_STATE	late 1970s-early 1980s	MEDIUM	Appears in Coron Distortion family related listings; preserve as relationship record rather than standalone builder.
https://www.effectsdatabase.com/model/coron/first/distortion
Coron Musical Instrument Co.	Labo Distortion	DISTORTION	OEM_MARKETED_STATE	late 1970s-early 1980s	MEDIUM	Appears in Coron Distortion family related listings; exact specimen chronology unresolved.
https://www.effectsdatabase.com/model/coron/first/distortion
Coron Musical Instrument Co.	Memphis ME-20 Distortion	DISTORTION	OEM_MARKETED_STATE	late 1970s-early 1980s	MEDIUM	Appears in Coron Distortion family related listings; retain model-specific confidence.
https://www.effectsdatabase.com/model/coron/first/distortion
Coron Musical Instrument Co.	MX four Distortion	DISTORTION	OEM_MARKETED_STATE	late 1970s-early 1980s	MEDIUM	Appears in Coron Distortion family related listings; exact documentation remains follow-up.
https://www.effectsdatabase.com/model/coron/first/distortion
Coron Musical Instrument Co.	Nashville Distortion	DISTORTION	OEM_MARKETED_STATE	late 1970s-early 1980s	MEDIUM	Appears in Coron Distortion family related listings; preserve as candidate marketed state.
https://www.effectsdatabase.com/model/coron/first/distortion
