pedal_id	image_role	source_page_url	direct_image_url	creator_or_photographer	source_site	rights_status	license_or_permission_reference	required_credit	public_use_decision	research_date	notes
DISC-2147	front	https://www.premierguitar.com/gear/gear-galleries/vintage-electro-harmonix-pedals		Premier Guitar	Premier Guitar	Reference-only		Premier Guitar	Do not republish pending rights review	2026-09-14	Vintage Big Muff image useful for enclosure/artwork identification.
DISC-2267	front	https://www.effectsdatabase.com/model/prescription/experience		Effects Database / user imagery	Effects Database	Reference-only		Per source page	Use as research reference only until permission is established	2026-09-14	Effects Database page has historical product imagery/video references.
DISC-2277	front	https://reverb.com/item/75475855-prescription-electronics-yardbox-1990s-version-1-free-shipping-u-s-canada		Reverb seller	Reverb	Reference-only		Seller/photographer to verify	Do not republish pending permission	2026-09-14	Marketplace specimen image showing early Yardbox faceplate and enclosure.
DISC-2276	front	https://reverb.com/item/76604945-early-prescription-electronics-vibe-unit-univibe-vibe-chorus-vibrato-pedal-switchable-vibe		Reverb seller	Reverb	Reference-only		Seller/photographer to verify	Do not republish pending permission	2026-09-14	Useful specimen photo for Vibe-Unit labeling and layout.
DISC-2275	front	https://globalvintage.com.au/products/prescription-electronics-throb-tremolo-pedal-dual-speed-trem-chop-modulator		Global Vintage	Global Vintage	Reference-only		Global Vintage	Do not republish pending permission	2026-09-14	Shows distinctive Throb graphics and control arrangement.
DISC-2281	front	https://reverb.com/item/93599261-d-a-m-pedals-1966-tone-bender-replica-used		Mass Street Music / Reverb	Reverb	Reference-only		Seller/photographer to verify	Do not republish pending permission	2026-09-14	Clear 1966 faceplate reference useful for D*A*M identification.
DISC-2306	front	https://www.modulargrid.net/p/abominable-electronics-hail-satan-deluxe		ModularGrid	ModularGrid	Reference-only		ModularGrid	Do not republish pending rights review	2026-09-14	Hail Satan Deluxe artwork/control layout reference.
DISC-2288	front	https://www.effectsdatabase.com/model/dam/fuzzaround		Effects Database / eBay reference	Effects Database	Reference-only		Per source page	Research reference only	2026-09-14	Use for Buzzaround-family visual cross-reference.
DISC-??	front	https://www.effectsdatabase.com/model/skinpimp/buzzaround		Effects Database	Effects Database	Reference-only		Per source page	Research reference only	2026-09-14	SkinPimp Buzzaround imagery is useful for later Buzzaround relationship work; product record is queued for a future dedicated SkinPimp pass.
