source_entity	target_entity	relationship_type	public_status	confidence	note	evidence
Honey FY-6	Shin-Ei FY-6	SUCCESSOR_LINEAGE	PROMOTE	HIGH	Sequential historical identity; retain separate retail names.	https://shin-ei.com/
Shin-Ei FY-6	Univox Super-Fuzz	OEM_MARKET_LINEAGE	PROMOTE	HIGH	Univox is preserved as a distinct marketed identity.	https://www.effectsdatabase.com/model/shinei/companion
JEN Fuzz	Vox V828/V8281	OEM_CONTRACT_LINEAGE	PROMOTE	HIGH	Italian JEN production family for Vox; retail identities remain separate.	https://www.effectsdatabase.com/model/jen/diecast/fuzz
JEN Fuzz	Elka Fuzz	OEM_REBRAND	PROMOTE	HIGH	Same documented Italian family; separate marketed name.	https://www.effectsdatabase.com/model/elka/fuzz
JEN Fuzz	Unicord Fuzz	OEM_REBRAND	PROMOTE	HIGH	North American Unicord identity within the Italian JEN family.	https://www.effectsdatabase.com/model/unicord/fuzz
Coron Distortion 10	Grant Distortion 10	OEM_REBRAND	PROMOTE	HIGH	Separate marketed identity within documented Coron family.	https://www.effectsdatabase.com/model/coron/first/distortion10
Coron Over Drive	Storm Over Drive	OEM_REBRAND	PROMOTE	HIGH	Separate marketed identity within documented Coron family.	https://www.effectsdatabase.com/model/storm/coron/overdrive
Colorsound Power Boost	Colorsound Overdriver	RETAIL_SUCCESSOR	PROMOTE	HIGH	Power Boost's 18V state was followed by the 9V Overdriver naming/state.
https://www.kitrae.net/music/Music_mp3_Colorsound_Sound.html
SF5	FZ5	MODEL_SUCCESSOR	PROMOTE	MEDIUM	Treat as a linked Ibanez retail/model lineage; exact internal transition chronology remains separate.	https://www.ibanez.com/usa/support/catalogs/
Teisco Fuzz Machine	Ibanez Standard Fuzz No.59	OEM_FAMILY	HOLD_FOR_REVIEW	MEDIUM	Family resemblance and specialist indexing support a candidate edge, but factory chronology is unresolved.
https://www.effectsdatabase.com/model/teisco/fuzzmachine
SoundTank	Maxon	MANUFACTURING_RELATIONSHIP	HOLD_FOR_REVIEW	MEDIUM	Do not apply blanket attribution to all SoundTank models; official and specialist sources conflict.
https://www.maxonfx.com/pages/about-maxon-guitar-effects-pedals-maxonfx-com
SoundTank TS5	Daphon/Taiwan attribution	MODEL_SPECIFIC_FACTORY	HOLD_FOR_REVIEW	MEDIUM	Retain as an exception candidate until primary documentation resolves the manufacturing record.
https://aionfx.com/project/stratus-classic-overdrive/
Supa Tone Bender	Jumbo Tone Bender	FAMILY_RELATIONSHIP	HOLD_FOR_REVIEW	MEDIUM	Related historical family, but exact successor/revision relationship should not be implied.
https://www.kitrae.net/music/Fuzz_Big_Muff_Timeline.html
